from,to,compatibility,embedding_similarity
CreateOrder,MakePayment,0.9730000000000001,0.30970955695957525
CreateOrder,SendNotification,0.42375,0.3609334054344624
CreateOrder,CancelCart,0.44949999999999996,0.44040248176641267
CreateOrder,CreateOrderDB,0.14975,0.615826068691013
CreateOrder,CreateOrderGUI,0.14850000000000002,0.7501893606002479
CreateOrder,UpdateProfile,0.44949999999999996,0.4857237839153279
MakePayment,CreateOrder,0.11616666666666667,0.30970955695957525
MakePayment,SendNotification,0.9737500000000001,0.4311392776739847
MakePayment,CancelCart,0.4245,0.4326407620449715
MakePayment,CreateOrderDB,0.09975,0.23822511439041336
MakePayment,CreateOrderGUI,0.0985,0.3243526365660953
MakePayment,UpdateProfile,0.39949999999999997,0.3863934595635254
SendNotification,CreateOrder,0.11616666666666667,0.3609334054344624
SendNotification,MakePayment,0.123,0.4311392776739847
SendNotification,CancelCart,0.4245,0.6730677212016187
SendNotification,CreateOrderDB,0.09975,0.11959709092448087
SendNotification,CreateOrderGUI,0.0985,0.24054104518866865
SendNotification,UpdateProfile,0.39949999999999997,0.44670136486400963
CancelCart,CreateOrder,0.13283333333333333,0.44040248176641267
CancelCart,MakePayment,0.123,0.4326407620449715
CancelCart,SendNotification,0.42375,0.6730677212016187
CancelCart,CreateOrderDB,0.14975,0.21883569290720542
CancelCart,CreateOrderGUI,0.1235,0.2427539201964241
CancelCart,UpdateProfile,0.44949999999999996,0.6808859442900154
CreateOrderDB,CreateOrder,0.11616666666666667,0.615826068691013
CreateOrderDB,MakePayment,0.9480000000000001,0.23822511439041336
CreateOrderDB,SendNotification,0.39875,0.11959709092448087
CreateOrderDB,CancelCart,0.4245,0.21883569290720542
CreateOrderDB,CreateOrderGUI,0.1235,0.8779880581779533
CreateOrderDB,UpdateProfile,0.44949999999999996,0.4109976163604372
CreateOrderGUI,CreateOrder,0.13283333333333333,0.7501893606002479
CreateOrderGUI,MakePayment,0.9480000000000001,0.3243526365660953
CreateOrderGUI,SendNotification,0.39875,0.24054104518866865
CreateOrderGUI,CancelCart,0.4245,0.2427539201964241
CreateOrderGUI,CreateOrderDB,0.14975,0.8779880581779533
CreateOrderGUI,UpdateProfile,0.44949999999999996,0.39364222311867236
UpdateProfile,CreateOrder,0.11616666666666667,0.4857237839153279
UpdateProfile,MakePayment,0.098,0.3863934595635254
UpdateProfile,SendNotification,0.39875,0.44670136486400963
UpdateProfile,CancelCart,0.4245,0.6808859442900154
UpdateProfile,CreateOrderDB,0.14975,0.4109976163604372
UpdateProfile,CreateOrderGUI,0.1235,0.39364222311867236
